_model	model.x	model.y	LEMMAPATH	LEMMAREL	bound	foc_base	foc_context_words	foc_pmi	foc_pos	foc_win	soc_length	soc_pos	tokens	pam_cluster	medoid
monitor.LEMMAPATH2.PPMIno.LENGTH5000.SOCPOSall	-1.3965260005826872	-0.08530283413337883	LEMMAPATH2	NA	NA	LEMMAPATH	400	no	NA	NA	5000	all	240	1	monitor.LEMMAREL2.PPMIselection.LENGTH5000.SOCPOSall
monitor.LEMMAPATH2.PPMIno.LENGTH5000.SOCPOSnav	-1.414994313886465	-0.05246760036259079	LEMMAPATH2	NA	NA	LEMMAPATH	400	no	NA	NA	5000	nav	240	1	monitor.LEMMAREL2.PPMIselection.LENGTH5000.SOCPOSall
monitor.LEMMAPATH2.PPMIno.LENGTHFOC.SOCPOSall	-0.8025028367771406	0.15086370402989777	LEMMAPATH2	NA	NA	LEMMAPATH	400	no	NA	NA	FOC	all	240	2	monitor.LEMMAREL3.PPMIselection.LENGTHFOC.SOCPOSnav
monitor.LEMMAPATH2.PPMIno.LENGTHFOC.SOCPOSnav	-0.8207351825206524	0.2386803694077296	LEMMAPATH2	NA	NA	LEMMAPATH	400	no	NA	NA	FOC	nav	240	2	monitor.LEMMAREL3.PPMIselection.LENGTHFOC.SOCPOSnav
monitor.LEMMAPATH2.PPMIselection.LENGTH5000.SOCPOSall	-1.3751424518385391	0.02038486401277767	LEMMAPATH2	NA	NA	LEMMAPATH	295	selection	NA	NA	5000	all	239	1	monitor.LEMMAREL2.PPMIselection.LENGTH5000.SOCPOSall
monitor.LEMMAPATH2.PPMIselection.LENGTH5000.SOCPOSnav	-1.4303715296738626	0.02893729226087149	LEMMAPATH2	NA	NA	LEMMAPATH	295	selection	NA	NA	5000	nav	239	1	monitor.LEMMAREL2.PPMIselection.LENGTH5000.SOCPOSall
monitor.LEMMAPATH2.PPMIselection.LENGTHFOC.SOCPOSall	-0.7934867403899283	0.2282181662628257	LEMMAPATH2	NA	NA	LEMMAPATH	295	selection	NA	NA	FOC	all	239	2	monitor.LEMMAREL3.PPMIselection.LENGTHFOC.SOCPOSnav
monitor.LEMMAPATH2.PPMIselection.LENGTHFOC.SOCPOSnav	-0.8056130697656309	0.3063238712443836	LEMMAPATH2	NA	NA	LEMMAPATH	295	selection	NA	NA	FOC	nav	239	2	monitor.LEMMAREL3.PPMIselection.LENGTHFOC.SOCPOSnav
monitor.LEMMAPATH2.PPMIweight.LENGTH5000.SOCPOSall	-0.8390940789810934	0.6375223780914995	LEMMAPATH2	NA	NA	LEMMAPATH	295	weight	NA	NA	5000	all	239	2	monitor.LEMMAREL3.PPMIselection.LENGTHFOC.SOCPOSnav
monitor.LEMMAPATH2.PPMIweight.LENGTH5000.SOCPOSnav	-0.9181899499934694	0.6727909136222262	LEMMAPATH2	NA	NA	LEMMAPATH	295	weight	NA	NA	5000	nav	239	2	monitor.LEMMAREL3.PPMIselection.LENGTHFOC.SOCPOSnav
monitor.LEMMAPATH2.PPMIweight.LENGTHFOC.SOCPOSall	-0.4874593686804892	0.7093550829983214	LEMMAPATH2	NA	NA	LEMMAPATH	295	weight	NA	NA	FOC	all	239	2	monitor.LEMMAREL3.PPMIselection.LENGTHFOC.SOCPOSnav
monitor.LEMMAPATH2.PPMIweight.LENGTHFOC.SOCPOSnav	-0.49660419639198256	0.8172061068260655	LEMMAPATH2	NA	NA	LEMMAPATH	295	weight	NA	NA	FOC	nav	239	2	monitor.LEMMAREL3.PPMIselection.LENGTHFOC.SOCPOSnav
monitor.LEMMAPATH3.PPMIno.LENGTH5000.SOCPOSall	-1.053398371265095	-0.7801515869115093	LEMMAPATH3	NA	NA	LEMMAPATH	621	no	NA	NA	5000	all	235	3	monitor.LEMMAPATHweight.PPMIselection.LENGTHFOC.SOCPOSall
monitor.LEMMAPATH3.PPMIno.LENGTH5000.SOCPOSnav	-1.0690816211098224	-0.7077682983118668	LEMMAPATH3	NA	NA	LEMMAPATH	621	no	NA	NA	5000	nav	235	3	monitor.LEMMAPATHweight.PPMIselection.LENGTHFOC.SOCPOSall
monitor.LEMMAPATH3.PPMIno.LENGTHFOC.SOCPOSall	-0.5210031266307288	-0.386085631702732	LEMMAPATH3	NA	NA	LEMMAPATH	621	no	NA	NA	FOC	all	235	3	monitor.LEMMAPATHweight.PPMIselection.LENGTHFOC.SOCPOSall
monitor.LEMMAPATH3.PPMIno.LENGTHFOC.SOCPOSnav	-0.5226441002625354	-0.31863282846066915	LEMMAPATH3	NA	NA	LEMMAPATH	621	no	NA	NA	FOC	nav	235	3	monitor.LEMMAPATHweight.PPMIselection.LENGTHFOC.SOCPOSall
monitor.LEMMAPATH3.PPMIselection.LENGTH5000.SOCPOSall	-1.017058789926146	-0.5149308047244963	LEMMAPATH3	NA	NA	LEMMAPATH	419	selection	NA	NA	5000	all	235	3	monitor.LEMMAPATHweight.PPMIselection.LENGTHFOC.SOCPOSall
monitor.LEMMAPATH3.PPMIselection.LENGTH5000.SOCPOSnav	-1.0647984069170948	-0.4993573641589958	LEMMAPATH3	NA	NA	LEMMAPATH	419	selection	NA	NA	5000	nav	235	3	monitor.LEMMAPATHweight.PPMIselection.LENGTHFOC.SOCPOSall
monitor.LEMMAPATH3.PPMIselection.LENGTHFOC.SOCPOSall	-0.4909482419780206	-0.2074163555199127	LEMMAPATH3	NA	NA	LEMMAPATH	419	selection	NA	NA	FOC	all	235	3	monitor.LEMMAPATHweight.PPMIselection.LENGTHFOC.SOCPOSall
monitor.LEMMAPATH3.PPMIselection.LENGTHFOC.SOCPOSnav	-0.4863778244228134	-0.16375755436264428	LEMMAPATH3	NA	NA	LEMMAPATH	419	selection	NA	NA	FOC	nav	235	3	monitor.LEMMAPATHweight.PPMIselection.LENGTHFOC.SOCPOSall
monitor.LEMMAPATH3.PPMIweight.LENGTH5000.SOCPOSall	-0.36381428335326743	0.24451343260502575	LEMMAPATH3	NA	NA	LEMMAPATH	419	weight	NA	NA	5000	all	235	3	monitor.LEMMAPATHweight.PPMIselection.LENGTHFOC.SOCPOSall
monitor.LEMMAPATH3.PPMIweight.LENGTH5000.SOCPOSnav	-0.4298277635168987	0.29481211805530144	LEMMAPATH3	NA	NA	LEMMAPATH	419	weight	NA	NA	5000	nav	235	3	monitor.LEMMAPATHweight.PPMIselection.LENGTHFOC.SOCPOSall
monitor.LEMMAPATH3.PPMIweight.LENGTHFOC.SOCPOSall	-0.0746009501567864	0.27234487520110545	LEMMAPATH3	NA	NA	LEMMAPATH	419	weight	NA	NA	FOC	all	235	3	monitor.LEMMAPATHweight.PPMIselection.LENGTHFOC.SOCPOSall
monitor.LEMMAPATH3.PPMIweight.LENGTHFOC.SOCPOSnav	-0.08036417774398534	0.3355217104470884	LEMMAPATH3	NA	NA	LEMMAPATH	419	weight	NA	NA	FOC	nav	235	3	monitor.LEMMAPATHweight.PPMIselection.LENGTHFOC.SOCPOSall
monitor.LEMMAPATHweight.PPMIno.LENGTH5000.SOCPOSall	-1.053398371265095	-0.7801515869115093	LEMMAPATHweight	NA	NA	LEMMAPATH	621	no	NA	NA	5000	all	235	3	monitor.LEMMAPATHweight.PPMIselection.LENGTHFOC.SOCPOSall
monitor.LEMMAPATHweight.PPMIno.LENGTH5000.SOCPOSnav	-1.0690816211098224	-0.7077682983118668	LEMMAPATHweight	NA	NA	LEMMAPATH	621	no	NA	NA	5000	nav	235	3	monitor.LEMMAPATHweight.PPMIselection.LENGTHFOC.SOCPOSall
monitor.LEMMAPATHweight.PPMIno.LENGTHFOC.SOCPOSall	-0.5210031266307288	-0.386085631702732	LEMMAPATHweight	NA	NA	LEMMAPATH	621	no	NA	NA	FOC	all	235	3	monitor.LEMMAPATHweight.PPMIselection.LENGTHFOC.SOCPOSall
monitor.LEMMAPATHweight.PPMIno.LENGTHFOC.SOCPOSnav	-0.5226441002625354	-0.31863282846066915	LEMMAPATHweight	NA	NA	LEMMAPATH	621	no	NA	NA	FOC	nav	235	3	monitor.LEMMAPATHweight.PPMIselection.LENGTHFOC.SOCPOSall
monitor.LEMMAPATHweight.PPMIselection.LENGTH5000.SOCPOSall	-1.017058789926146	-0.5149308047244963	LEMMAPATHweight	NA	NA	LEMMAPATH	419	selection	NA	NA	5000	all	235	3	monitor.LEMMAPATHweight.PPMIselection.LENGTHFOC.SOCPOSall
monitor.LEMMAPATHweight.PPMIselection.LENGTH5000.SOCPOSnav	-1.0647984069170948	-0.4993573641589958	LEMMAPATHweight	NA	NA	LEMMAPATH	419	selection	NA	NA	5000	nav	235	3	monitor.LEMMAPATHweight.PPMIselection.LENGTHFOC.SOCPOSall
monitor.LEMMAPATHweight.PPMIselection.LENGTHFOC.SOCPOSall	-0.4909482419780206	-0.2074163555199127	LEMMAPATHweight	NA	NA	LEMMAPATH	419	selection	NA	NA	FOC	all	235	3	monitor.LEMMAPATHweight.PPMIselection.LENGTHFOC.SOCPOSall
monitor.LEMMAPATHweight.PPMIselection.LENGTHFOC.SOCPOSnav	-0.4863778244228134	-0.16375755436264428	LEMMAPATHweight	NA	NA	LEMMAPATH	419	selection	NA	NA	FOC	nav	235	3	monitor.LEMMAPATHweight.PPMIselection.LENGTHFOC.SOCPOSall
monitor.LEMMAPATHweight.PPMIweight.LENGTH5000.SOCPOSall	-0.36381428335326743	0.24451343260502575	LEMMAPATHweight	NA	NA	LEMMAPATH	419	weight	NA	NA	5000	all	235	3	monitor.LEMMAPATHweight.PPMIselection.LENGTHFOC.SOCPOSall
monitor.LEMMAPATHweight.PPMIweight.LENGTH5000.SOCPOSnav	-0.4298277635168987	0.29481211805530144	LEMMAPATHweight	NA	NA	LEMMAPATH	419	weight	NA	NA	5000	nav	235	3	monitor.LEMMAPATHweight.PPMIselection.LENGTHFOC.SOCPOSall
monitor.LEMMAPATHweight.PPMIweight.LENGTHFOC.SOCPOSall	-0.0746009501567864	0.27234487520110545	LEMMAPATHweight	NA	NA	LEMMAPATH	419	weight	NA	NA	FOC	all	235	3	monitor.LEMMAPATHweight.PPMIselection.LENGTHFOC.SOCPOSall
monitor.LEMMAPATHweight.PPMIweight.LENGTHFOC.SOCPOSnav	-0.08036417774398534	0.3355217104470884	LEMMAPATHweight	NA	NA	LEMMAPATH	419	weight	NA	NA	FOC	nav	235	3	monitor.LEMMAPATHweight.PPMIselection.LENGTHFOC.SOCPOSall
monitor.LEMMAREL1.PPMIno.LENGTH5000.SOCPOSall	-1.9465028460645128	0.16857367749878652	NA	LEMMAREL1	NA	LEMMAREL	141	no	NA	NA	5000	all	224	1	monitor.LEMMAREL2.PPMIselection.LENGTH5000.SOCPOSall
monitor.LEMMAREL1.PPMIno.LENGTH5000.SOCPOSnav	-1.950576224383128	0.12820818638893614	NA	LEMMAREL1	NA	LEMMAREL	141	no	NA	NA	5000	nav	224	1	monitor.LEMMAREL2.PPMIselection.LENGTH5000.SOCPOSall
monitor.LEMMAREL1.PPMIno.LENGTHFOC.SOCPOSall	-1.7631836858684344	0.5523507192285331	NA	LEMMAREL1	NA	LEMMAREL	141	no	NA	NA	FOC	all	224	1	monitor.LEMMAREL2.PPMIselection.LENGTH5000.SOCPOSall
monitor.LEMMAREL1.PPMIno.LENGTHFOC.SOCPOSnav	-1.674735257778466	0.6219657064821911	NA	LEMMAREL1	NA	LEMMAREL	141	no	NA	NA	FOC	nav	224	1	monitor.LEMMAREL2.PPMIselection.LENGTH5000.SOCPOSall
monitor.LEMMAREL1.PPMIselection.LENGTH5000.SOCPOSall	-1.8178932696860848	0.20606692146135375	NA	LEMMAREL1	NA	LEMMAREL	114	selection	NA	NA	5000	all	218	1	monitor.LEMMAREL2.PPMIselection.LENGTH5000.SOCPOSall
monitor.LEMMAREL1.PPMIselection.LENGTH5000.SOCPOSnav	-1.834484171752621	0.15972777043411293	NA	LEMMAREL1	NA	LEMMAREL	114	selection	NA	NA	5000	nav	218	1	monitor.LEMMAREL2.PPMIselection.LENGTH5000.SOCPOSall
monitor.LEMMAREL1.PPMIselection.LENGTHFOC.SOCPOSall	-1.6400857984291224	0.5436635974184895	NA	LEMMAREL1	NA	LEMMAREL	114	selection	NA	NA	FOC	all	218	1	monitor.LEMMAREL2.PPMIselection.LENGTH5000.SOCPOSall
monitor.LEMMAREL1.PPMIselection.LENGTHFOC.SOCPOSnav	-1.5199550122653782	0.5907612641827719	NA	LEMMAREL1	NA	LEMMAREL	114	selection	NA	NA	FOC	nav	218	1	monitor.LEMMAREL2.PPMIselection.LENGTH5000.SOCPOSall
monitor.LEMMAREL1.PPMIweight.LENGTH5000.SOCPOSall	-1.7398869465556877	0.4395005250516852	NA	LEMMAREL1	NA	LEMMAREL	114	weight	NA	NA	5000	all	218	1	monitor.LEMMAREL2.PPMIselection.LENGTH5000.SOCPOSall
monitor.LEMMAREL1.PPMIweight.LENGTH5000.SOCPOSnav	-1.7822072716563526	0.4005012839308977	NA	LEMMAREL1	NA	LEMMAREL	114	weight	NA	NA	5000	nav	218	1	monitor.LEMMAREL2.PPMIselection.LENGTH5000.SOCPOSall
monitor.LEMMAREL1.PPMIweight.LENGTHFOC.SOCPOSall	-1.486191595817681	0.7131770070575563	NA	LEMMAREL1	NA	LEMMAREL	114	weight	NA	NA	FOC	all	218	1	monitor.LEMMAREL2.PPMIselection.LENGTH5000.SOCPOSall
monitor.LEMMAREL1.PPMIweight.LENGTHFOC.SOCPOSnav	-1.432269025293389	0.7776868941478075	NA	LEMMAREL1	NA	LEMMAREL	114	weight	NA	NA	FOC	nav	218	2	monitor.LEMMAREL3.PPMIselection.LENGTHFOC.SOCPOSnav
monitor.LEMMAREL2.PPMIno.LENGTH5000.SOCPOSall	-1.714241407162817	0.16980043499893752	NA	LEMMAREL2	NA	LEMMAREL	259	no	NA	NA	5000	all	240	1	monitor.LEMMAREL2.PPMIselection.LENGTH5000.SOCPOSall
monitor.LEMMAREL2.PPMIno.LENGTH5000.SOCPOSnav	-1.7477677246452543	0.16411670766323205	NA	LEMMAREL2	NA	LEMMAREL	259	no	NA	NA	5000	nav	240	1	monitor.LEMMAREL2.PPMIselection.LENGTH5000.SOCPOSall
monitor.LEMMAREL2.PPMIno.LENGTHFOC.SOCPOSall	-1.1812733924060117	0.4241001719928525	NA	LEMMAREL2	NA	LEMMAREL	259	no	NA	NA	FOC	all	240	2	monitor.LEMMAREL3.PPMIselection.LENGTHFOC.SOCPOSnav
monitor.LEMMAREL2.PPMIno.LENGTHFOC.SOCPOSnav	-1.1706912889468706	0.4771443449841274	NA	LEMMAREL2	NA	LEMMAREL	259	no	NA	NA	FOC	nav	240	2	monitor.LEMMAREL3.PPMIselection.LENGTHFOC.SOCPOSnav
monitor.LEMMAREL2.PPMIselection.LENGTH5000.SOCPOSall	-1.6387511403265755	0.252822646295296	NA	LEMMAREL2	NA	LEMMAREL	210	selection	NA	NA	5000	all	234	1	monitor.LEMMAREL2.PPMIselection.LENGTH5000.SOCPOSall
monitor.LEMMAREL2.PPMIselection.LENGTH5000.SOCPOSnav	-1.678273482168282	0.24758792696902365	NA	LEMMAREL2	NA	LEMMAREL	210	selection	NA	NA	5000	nav	234	1	monitor.LEMMAREL2.PPMIselection.LENGTH5000.SOCPOSall
monitor.LEMMAREL2.PPMIselection.LENGTHFOC.SOCPOSall	-1.1391587201142244	0.4511345228268112	NA	LEMMAREL2	NA	LEMMAREL	210	selection	NA	NA	FOC	all	234	2	monitor.LEMMAREL3.PPMIselection.LENGTHFOC.SOCPOSnav
monitor.LEMMAREL2.PPMIselection.LENGTHFOC.SOCPOSnav	-1.0929094330967464	0.4983208179767377	NA	LEMMAREL2	NA	LEMMAREL	210	selection	NA	NA	FOC	nav	234	2	monitor.LEMMAREL3.PPMIselection.LENGTHFOC.SOCPOSnav
monitor.LEMMAREL2.PPMIweight.LENGTH5000.SOCPOSall	-1.1089898457731238	0.7451093392379186	NA	LEMMAREL2	NA	LEMMAREL	210	weight	NA	NA	5000	all	234	1	monitor.LEMMAREL2.PPMIselection.LENGTH5000.SOCPOSall
monitor.LEMMAREL2.PPMIweight.LENGTH5000.SOCPOSnav	-1.1730827392271002	0.7527194377215559	NA	LEMMAREL2	NA	LEMMAREL	210	weight	NA	NA	5000	nav	234	1	monitor.LEMMAREL2.PPMIselection.LENGTH5000.SOCPOSall
monitor.LEMMAREL2.PPMIweight.LENGTHFOC.SOCPOSall	-0.8025758546180618	0.8927320188554211	NA	LEMMAREL2	NA	LEMMAREL	210	weight	NA	NA	FOC	all	234	2	monitor.LEMMAREL3.PPMIselection.LENGTHFOC.SOCPOSnav
monitor.LEMMAREL2.PPMIweight.LENGTHFOC.SOCPOSnav	-0.7827246847320636	0.9266969681871852	NA	LEMMAREL2	NA	LEMMAREL	210	weight	NA	NA	FOC	nav	234	2	monitor.LEMMAREL3.PPMIselection.LENGTHFOC.SOCPOSnav
monitor.LEMMAREL3.PPMIno.LENGTH5000.SOCPOSall	-1.6603999692866291	0.13199640436572324	NA	LEMMAREL3	NA	LEMMAREL	309	no	NA	NA	5000	all	240	1	monitor.LEMMAREL2.PPMIselection.LENGTH5000.SOCPOSall
monitor.LEMMAREL3.PPMIno.LENGTH5000.SOCPOSnav	-1.679914806194575	0.15025994439522225	NA	LEMMAREL3	NA	LEMMAREL	309	no	NA	NA	5000	nav	240	1	monitor.LEMMAREL2.PPMIselection.LENGTH5000.SOCPOSall
monitor.LEMMAREL3.PPMIno.LENGTHFOC.SOCPOSall	-1.0737115256472756	0.4006915737539716	NA	LEMMAREL3	NA	LEMMAREL	309	no	NA	NA	FOC	all	240	2	monitor.LEMMAREL3.PPMIselection.LENGTHFOC.SOCPOSnav
monitor.LEMMAREL3.PPMIno.LENGTHFOC.SOCPOSnav	-1.0624561393895242	0.4596466527165511	NA	LEMMAREL3	NA	LEMMAREL	309	no	NA	NA	FOC	nav	240	2	monitor.LEMMAREL3.PPMIselection.LENGTHFOC.SOCPOSnav
monitor.LEMMAREL3.PPMIselection.LENGTH5000.SOCPOSall	-1.566190113625754	0.238378674471577	NA	LEMMAREL3	NA	LEMMAREL	243	selection	NA	NA	5000	all	236	1	monitor.LEMMAREL2.PPMIselection.LENGTH5000.SOCPOSall
monitor.LEMMAREL3.PPMIselection.LENGTH5000.SOCPOSnav	-1.596093494057634	0.23507231212183208	NA	LEMMAREL3	NA	LEMMAREL	243	selection	NA	NA	5000	nav	236	1	monitor.LEMMAREL2.PPMIselection.LENGTH5000.SOCPOSall
monitor.LEMMAREL3.PPMIselection.LENGTHFOC.SOCPOSall	-1.0297249647988755	0.457052143406556	NA	LEMMAREL3	NA	LEMMAREL	243	selection	NA	NA	FOC	all	236	2	monitor.LEMMAREL3.PPMIselection.LENGTHFOC.SOCPOSnav
monitor.LEMMAREL3.PPMIselection.LENGTHFOC.SOCPOSnav	-1.0042890474434274	0.4901886374073339	NA	LEMMAREL3	NA	LEMMAREL	243	selection	NA	NA	FOC	nav	236	2	monitor.LEMMAREL3.PPMIselection.LENGTHFOC.SOCPOSnav
monitor.LEMMAREL3.PPMIweight.LENGTH5000.SOCPOSall	-1.03171864658422	0.7657409636760056	NA	LEMMAREL3	NA	LEMMAREL	243	weight	NA	NA	5000	all	236	2	monitor.LEMMAREL3.PPMIselection.LENGTHFOC.SOCPOSnav
monitor.LEMMAREL3.PPMIweight.LENGTH5000.SOCPOSnav	-1.0985933206510954	0.7726853457302715	NA	LEMMAREL3	NA	LEMMAREL	243	weight	NA	NA	5000	nav	236	2	monitor.LEMMAREL3.PPMIselection.LENGTHFOC.SOCPOSnav
monitor.LEMMAREL3.PPMIweight.LENGTHFOC.SOCPOSall	-0.6970049079929763	0.9035601856256386	NA	LEMMAREL3	NA	LEMMAREL	243	weight	NA	NA	FOC	all	236	2	monitor.LEMMAREL3.PPMIselection.LENGTHFOC.SOCPOSnav
monitor.LEMMAREL3.PPMIweight.LENGTHFOC.SOCPOSnav	-0.6975643355656302	0.9470011723485232	NA	LEMMAREL3	NA	LEMMAREL	243	weight	NA	NA	FOC	nav	236	2	monitor.LEMMAREL3.PPMIselection.LENGTHFOC.SOCPOSnav
monitor.bound10-10all.PPMIno.LENGTH5000.SOCPOSall	-0.22255919282030803	-1.682554574128592	NA	NA	TRUE	BOW	1105	no	all	10-10	5000	all	240	4	monitor.bound5-5all.PPMIselection.LENGTHFOC.SOCPOSall
monitor.bound10-10all.PPMIno.LENGTH5000.SOCPOSnav	-0.31935727026882327	-1.5067944795106596	NA	NA	TRUE	BOW	1105	no	all	10-10	5000	nav	240	4	monitor.bound5-5all.PPMIselection.LENGTHFOC.SOCPOSall
monitor.bound10-10all.PPMIno.LENGTHFOC.SOCPOSall	0.15694359825889886	-1.203992141547949	NA	NA	TRUE	BOW	1105	no	all	10-10	FOC	all	240	4	monitor.bound5-5all.PPMIselection.LENGTHFOC.SOCPOSall
monitor.bound10-10all.PPMIno.LENGTHFOC.SOCPOSnav	0.08202770544661629	-1.0621972256385692	NA	NA	TRUE	BOW	1105	no	all	10-10	FOC	nav	240	4	monitor.bound5-5all.PPMIselection.LENGTHFOC.SOCPOSall
monitor.bound10-10all.PPMIselection.LENGTH5000.SOCPOSall	-0.3710105738174342	-1.1513336111005044	NA	NA	TRUE	BOW	623	selection	all	10-10	5000	all	239	4	monitor.bound5-5all.PPMIselection.LENGTHFOC.SOCPOSall
monitor.bound10-10all.PPMIselection.LENGTH5000.SOCPOSnav	-0.4400485648358407	-1.1331163687601893	NA	NA	TRUE	BOW	623	selection	all	10-10	5000	nav	239	4	monitor.bound5-5all.PPMIselection.LENGTHFOC.SOCPOSall
monitor.bound10-10all.PPMIselection.LENGTHFOC.SOCPOSall	0.0663239284834325	-0.7050303812603613	NA	NA	TRUE	BOW	623	selection	all	10-10	FOC	all	239	4	monitor.bound5-5all.PPMIselection.LENGTHFOC.SOCPOSall
monitor.bound10-10all.PPMIselection.LENGTHFOC.SOCPOSnav	0.05144544540322906	-0.6101904883090121	NA	NA	TRUE	BOW	623	selection	all	10-10	FOC	nav	239	4	monitor.bound5-5all.PPMIselection.LENGTHFOC.SOCPOSall
monitor.bound10-10all.PPMIweight.LENGTH5000.SOCPOSall	0.29842591314529904	-0.5062880080890277	NA	NA	TRUE	BOW	623	weight	all	10-10	5000	all	239	4	monitor.bound5-5all.PPMIselection.LENGTHFOC.SOCPOSall
monitor.bound10-10all.PPMIweight.LENGTH5000.SOCPOSnav	0.26384019878336906	-0.4757011856974241	NA	NA	TRUE	BOW	623	weight	all	10-10	5000	nav	239	4	monitor.bound5-5all.PPMIselection.LENGTHFOC.SOCPOSall
monitor.bound10-10all.PPMIweight.LENGTHFOC.SOCPOSall	0.4576410658107516	-0.27967551045899364	NA	NA	TRUE	BOW	623	weight	all	10-10	FOC	all	239	4	monitor.bound5-5all.PPMIselection.LENGTHFOC.SOCPOSall
monitor.bound10-10all.PPMIweight.LENGTHFOC.SOCPOSnav	0.45005812118510213	-0.21421753407696648	NA	NA	TRUE	BOW	623	weight	all	10-10	FOC	nav	239	4	monitor.bound5-5all.PPMIselection.LENGTHFOC.SOCPOSall
monitor.bound10-10lex.PPMIno.LENGTH5000.SOCPOSall	1.6384482916043916	-0.9447654882220612	NA	NA	TRUE	BOW	809	no	lex	10-10	5000	all	240	5	monitor.bound5-5lex.PPMIselection.LENGTH5000.SOCPOSall
monitor.bound10-10lex.PPMIno.LENGTH5000.SOCPOSnav	1.573814947102395	-0.8229970725481943	NA	NA	TRUE	BOW	809	no	lex	10-10	5000	nav	240	5	monitor.bound5-5lex.PPMIselection.LENGTH5000.SOCPOSall
monitor.bound10-10lex.PPMIno.LENGTHFOC.SOCPOSall	1.369877909840964	-0.6153196871115278	NA	NA	TRUE	BOW	809	no	lex	10-10	FOC	all	240	6	monitor.nobound10-10lex.PPMIselection.LENGTHFOC.SOCPOSall
monitor.bound10-10lex.PPMIno.LENGTHFOC.SOCPOSnav	1.3636339676258322	-0.5669697534955732	NA	NA	TRUE	BOW	809	no	lex	10-10	FOC	nav	240	6	monitor.nobound10-10lex.PPMIselection.LENGTHFOC.SOCPOSall
monitor.bound10-10lex.PPMIselection.LENGTH5000.SOCPOSall	1.2690693089102556	-0.459847979813202	NA	NA	TRUE	BOW	464	selection	lex	10-10	5000	all	237	5	monitor.bound5-5lex.PPMIselection.LENGTH5000.SOCPOSall
monitor.bound10-10lex.PPMIselection.LENGTH5000.SOCPOSnav	1.2731058980864522	-0.37768284636158195	NA	NA	TRUE	BOW	464	selection	lex	10-10	5000	nav	237	5	monitor.bound5-5lex.PPMIselection.LENGTH5000.SOCPOSall
monitor.bound10-10lex.PPMIselection.LENGTHFOC.SOCPOSall	1.0873487264713722	-0.2459212742516708	NA	NA	TRUE	BOW	464	selection	lex	10-10	FOC	all	237	6	monitor.nobound10-10lex.PPMIselection.LENGTHFOC.SOCPOSall
monitor.bound10-10lex.PPMIselection.LENGTHFOC.SOCPOSnav	1.069609482816382	-0.19994489477680097	NA	NA	TRUE	BOW	464	selection	lex	10-10	FOC	nav	237	6	monitor.nobound10-10lex.PPMIselection.LENGTHFOC.SOCPOSall
monitor.bound10-10lex.PPMIweight.LENGTH5000.SOCPOSall	1.1452589219500608	-0.13332574548416726	NA	NA	TRUE	BOW	464	weight	lex	10-10	5000	all	237	5	monitor.bound5-5lex.PPMIselection.LENGTH5000.SOCPOSall
monitor.bound10-10lex.PPMIweight.LENGTH5000.SOCPOSnav	1.1451066663088836	-0.07949818585702707	NA	NA	TRUE	BOW	464	weight	lex	10-10	5000	nav	237	5	monitor.bound5-5lex.PPMIselection.LENGTH5000.SOCPOSall
monitor.bound10-10lex.PPMIweight.LENGTHFOC.SOCPOSall	1.0928040870236424	-0.0531985562128715	NA	NA	TRUE	BOW	464	weight	lex	10-10	FOC	all	237	6	monitor.nobound10-10lex.PPMIselection.LENGTHFOC.SOCPOSall
monitor.bound10-10lex.PPMIweight.LENGTHFOC.SOCPOSnav	1.0890533456635334	-0.01029141319551727	NA	NA	TRUE	BOW	464	weight	lex	10-10	FOC	nav	237	6	monitor.nobound10-10lex.PPMIselection.LENGTHFOC.SOCPOSall
monitor.bound3-3all.PPMIno.LENGTH5000.SOCPOSall	-1.239099356652391	-0.5500354457400203	NA	NA	TRUE	BOW	463	no	all	3-3	5000	all	240	7	monitor.bound3-3all.PPMIselection.LENGTHFOC.SOCPOSall
monitor.bound3-3all.PPMIno.LENGTH5000.SOCPOSnav	-1.273186772357345	-0.4655819158288051	NA	NA	TRUE	BOW	463	no	all	3-3	5000	nav	240	7	monitor.bound3-3all.PPMIselection.LENGTHFOC.SOCPOSall
monitor.bound3-3all.PPMIno.LENGTHFOC.SOCPOSall	-0.576348240381421	-0.05841128336844652	NA	NA	TRUE	BOW	463	no	all	3-3	FOC	all	240	7	monitor.bound3-3all.PPMIselection.LENGTHFOC.SOCPOSall
monitor.bound3-3all.PPMIno.LENGTHFOC.SOCPOSnav	-0.5727895137678847	0.04009190767008967	NA	NA	TRUE	BOW	463	no	all	3-3	FOC	nav	240	7	monitor.bound3-3all.PPMIselection.LENGTHFOC.SOCPOSall
monitor.bound3-3all.PPMIselection.LENGTH5000.SOCPOSall	-1.16611963909695	-0.3341049810904379	NA	NA	TRUE	BOW	373	selection	all	3-3	5000	all	239	7	monitor.bound3-3all.PPMIselection.LENGTHFOC.SOCPOSall
monitor.bound3-3all.PPMIselection.LENGTH5000.SOCPOSnav	-1.230119519102694	-0.3303295332305029	NA	NA	TRUE	BOW	373	selection	all	3-3	5000	nav	239	7	monitor.bound3-3all.PPMIselection.LENGTHFOC.SOCPOSall
monitor.bound3-3all.PPMIselection.LENGTHFOC.SOCPOSall	-0.5515297815323578	0.03973686822640791	NA	NA	TRUE	BOW	373	selection	all	3-3	FOC	all	239	7	monitor.bound3-3all.PPMIselection.LENGTHFOC.SOCPOSall
monitor.bound3-3all.PPMIselection.LENGTHFOC.SOCPOSnav	-0.5389923457691831	0.11496046794225472	NA	NA	TRUE	BOW	373	selection	all	3-3	FOC	nav	239	7	monitor.bound3-3all.PPMIselection.LENGTHFOC.SOCPOSall
monitor.bound3-3all.PPMIweight.LENGTH5000.SOCPOSall	-0.3214195619991929	0.5611230268977593	NA	NA	TRUE	BOW	373	weight	all	3-3	5000	all	239	7	monitor.bound3-3all.PPMIselection.LENGTHFOC.SOCPOSall
monitor.bound3-3all.PPMIweight.LENGTH5000.SOCPOSnav	-0.3993223791356113	0.6534485186997621	NA	NA	TRUE	BOW	373	weight	all	3-3	5000	nav	239	7	monitor.bound3-3all.PPMIselection.LENGTHFOC.SOCPOSall
monitor.bound3-3all.PPMIweight.LENGTHFOC.SOCPOSall	-0.05422712470272277	0.6057446131668605	NA	NA	TRUE	BOW	373	weight	all	3-3	FOC	all	239	7	monitor.bound3-3all.PPMIselection.LENGTHFOC.SOCPOSall
monitor.bound3-3all.PPMIweight.LENGTHFOC.SOCPOSnav	-0.06209168645532609	0.6611056865974554	NA	NA	TRUE	BOW	373	weight	all	3-3	FOC	nav	239	7	monitor.bound3-3all.PPMIselection.LENGTHFOC.SOCPOSall
monitor.bound3-3lex.PPMIno.LENGTH5000.SOCPOSall	1.4158354000419613	1.305741236253565	NA	NA	TRUE	BOW	326	no	lex	3-3	5000	all	240	8	monitor.bound3-3lex.PPMIselection.LENGTHFOC.SOCPOSall
monitor.bound3-3lex.PPMIno.LENGTH5000.SOCPOSnav	1.3965615739228874	1.270870104015691	NA	NA	TRUE	BOW	326	no	lex	3-3	5000	nav	240	8	monitor.bound3-3lex.PPMIselection.LENGTHFOC.SOCPOSall
monitor.bound3-3lex.PPMIno.LENGTHFOC.SOCPOSall	1.176097539094226	1.1520009250853227	NA	NA	TRUE	BOW	326	no	lex	3-3	FOC	all	240	8	monitor.bound3-3lex.PPMIselection.LENGTHFOC.SOCPOSall
monitor.bound3-3lex.PPMIno.LENGTHFOC.SOCPOSnav	1.1563109815218902	1.1940631741684622	NA	NA	TRUE	BOW	326	no	lex	3-3	FOC	nav	240	8	monitor.bound3-3lex.PPMIselection.LENGTHFOC.SOCPOSall
monitor.bound3-3lex.PPMIselection.LENGTH5000.SOCPOSall	0.7866347797888571	0.6446429163242401	NA	NA	TRUE	BOW	266	selection	lex	3-3	5000	all	216	8	monitor.bound3-3lex.PPMIselection.LENGTHFOC.SOCPOSall
monitor.bound3-3lex.PPMIselection.LENGTH5000.SOCPOSnav	0.7791744957453149	0.6363056822459632	NA	NA	TRUE	BOW	266	selection	lex	3-3	5000	nav	216	8	monitor.bound3-3lex.PPMIselection.LENGTHFOC.SOCPOSall
monitor.bound3-3lex.PPMIselection.LENGTHFOC.SOCPOSall	0.6446538308019074	0.6451407574374937	NA	NA	TRUE	BOW	266	selection	lex	3-3	FOC	all	216	8	monitor.bound3-3lex.PPMIselection.LENGTHFOC.SOCPOSall
monitor.bound3-3lex.PPMIselection.LENGTHFOC.SOCPOSnav	0.6348742763285554	0.7060881010212194	NA	NA	TRUE	BOW	266	selection	lex	3-3	FOC	nav	216	8	monitor.bound3-3lex.PPMIselection.LENGTHFOC.SOCPOSall
monitor.bound3-3lex.PPMIweight.LENGTH5000.SOCPOSall	0.701483515363581	0.6331215394556401	NA	NA	TRUE	BOW	266	weight	lex	3-3	5000	all	216	8	monitor.bound3-3lex.PPMIselection.LENGTHFOC.SOCPOSall
monitor.bound3-3lex.PPMIweight.LENGTH5000.SOCPOSnav	0.6867569230748526	0.6299555392790038	NA	NA	TRUE	BOW	266	weight	lex	3-3	5000	nav	216	8	monitor.bound3-3lex.PPMIselection.LENGTHFOC.SOCPOSall
monitor.bound3-3lex.PPMIweight.LENGTHFOC.SOCPOSall	0.6187514320508339	0.7419160882551908	NA	NA	TRUE	BOW	266	weight	lex	3-3	FOC	all	216	8	monitor.bound3-3lex.PPMIselection.LENGTHFOC.SOCPOSall
monitor.bound3-3lex.PPMIweight.LENGTHFOC.SOCPOSnav	0.6126535617122346	0.7928536136673675	NA	NA	TRUE	BOW	266	weight	lex	3-3	FOC	nav	216	8	monitor.bound3-3lex.PPMIselection.LENGTHFOC.SOCPOSall
monitor.bound5-5all.PPMIno.LENGTH5000.SOCPOSall	-0.704969435774976	-1.1119374462388494	NA	NA	TRUE	BOW	718	no	all	5-5	5000	all	240	4	monitor.bound5-5all.PPMIselection.LENGTHFOC.SOCPOSall
monitor.bound5-5all.PPMIno.LENGTH5000.SOCPOSnav	-0.7467576037548559	-0.9961666860521542	NA	NA	TRUE	BOW	718	no	all	5-5	5000	nav	240	4	monitor.bound5-5all.PPMIselection.LENGTHFOC.SOCPOSall
monitor.bound5-5all.PPMIno.LENGTHFOC.SOCPOSall	-0.16596011806231453	-0.6487262463281825	NA	NA	TRUE	BOW	718	no	all	5-5	FOC	all	240	4	monitor.bound5-5all.PPMIselection.LENGTHFOC.SOCPOSall
monitor.bound5-5all.PPMIno.LENGTHFOC.SOCPOSnav	-0.18847277703689677	-0.5043818970239116	NA	NA	TRUE	BOW	718	no	all	5-5	FOC	nav	240	4	monitor.bound5-5all.PPMIselection.LENGTHFOC.SOCPOSall
monitor.bound5-5all.PPMIselection.LENGTH5000.SOCPOSall	-0.6809234977521715	-0.7922266270244726	NA	NA	TRUE	BOW	514	selection	all	5-5	5000	all	239	4	monitor.bound5-5all.PPMIselection.LENGTHFOC.SOCPOSall
monitor.bound5-5all.PPMIselection.LENGTH5000.SOCPOSnav	-0.7310618926155442	-0.7708236546521823	NA	NA	TRUE	BOW	514	selection	all	5-5	5000	nav	239	4	monitor.bound5-5all.PPMIselection.LENGTHFOC.SOCPOSall
monitor.bound5-5all.PPMIselection.LENGTHFOC.SOCPOSall	-0.143810455661357	-0.36378727992987087	NA	NA	TRUE	BOW	514	selection	all	5-5	FOC	all	239	4	monitor.bound5-5all.PPMIselection.LENGTHFOC.SOCPOSall
monitor.bound5-5all.PPMIselection.LENGTHFOC.SOCPOSnav	-0.1549454871508017	-0.2672014085416255	NA	NA	TRUE	BOW	514	selection	all	5-5	FOC	nav	239	4	monitor.bound5-5all.PPMIselection.LENGTHFOC.SOCPOSall
monitor.bound5-5all.PPMIweight.LENGTH5000.SOCPOSall	0.05266246254713405	-0.08685902962826464	NA	NA	TRUE	BOW	514	weight	all	5-5	5000	all	239	4	monitor.bound5-5all.PPMIselection.LENGTHFOC.SOCPOSall
monitor.bound5-5all.PPMIweight.LENGTH5000.SOCPOSnav	0.01042340958971972	-0.06422561241993847	NA	NA	TRUE	BOW	514	weight	all	5-5	5000	nav	239	4	monitor.bound5-5all.PPMIselection.LENGTHFOC.SOCPOSall
monitor.bound5-5all.PPMIweight.LENGTHFOC.SOCPOSall	0.28903202784302273	0.05854808203896042	NA	NA	TRUE	BOW	514	weight	all	5-5	FOC	all	239	4	monitor.bound5-5all.PPMIselection.LENGTHFOC.SOCPOSall
monitor.bound5-5all.PPMIweight.LENGTHFOC.SOCPOSnav	0.273090733720919	0.1315519177347514	NA	NA	TRUE	BOW	514	weight	all	5-5	FOC	nav	239	4	monitor.bound5-5all.PPMIselection.LENGTHFOC.SOCPOSall
monitor.bound5-5lex.PPMIno.LENGTH5000.SOCPOSall	1.6993943429343297	0.2782778138398266	NA	NA	TRUE	BOW	520	no	lex	5-5	5000	all	240	5	monitor.bound5-5lex.PPMIselection.LENGTH5000.SOCPOSall
monitor.bound5-5lex.PPMIno.LENGTH5000.SOCPOSnav	1.6425805691629756	0.34403251769039056	NA	NA	TRUE	BOW	520	no	lex	5-5	5000	nav	240	5	monitor.bound5-5lex.PPMIselection.LENGTH5000.SOCPOSall
monitor.bound5-5lex.PPMIno.LENGTHFOC.SOCPOSall	1.3160013065270255	0.17488330507870867	NA	NA	TRUE	BOW	520	no	lex	5-5	FOC	all	240	5	monitor.bound5-5lex.PPMIselection.LENGTH5000.SOCPOSall
monitor.bound5-5lex.PPMIno.LENGTHFOC.SOCPOSnav	1.295013718138199	0.22261182192542545	NA	NA	TRUE	BOW	520	no	lex	5-5	FOC	nav	240	5	monitor.bound5-5lex.PPMIselection.LENGTH5000.SOCPOSall
monitor.bound5-5lex.PPMIselection.LENGTH5000.SOCPOSall	1.160092832638333	0.2215393529168781	NA	NA	TRUE	BOW	374	selection	lex	5-5	5000	all	232	5	monitor.bound5-5lex.PPMIselection.LENGTH5000.SOCPOSall
monitor.bound5-5lex.PPMIselection.LENGTH5000.SOCPOSnav	1.1622981043619285	0.27556747086878325	NA	NA	TRUE	BOW	374	selection	lex	5-5	5000	nav	232	5	monitor.bound5-5lex.PPMIselection.LENGTH5000.SOCPOSall
monitor.bound5-5lex.PPMIselection.LENGTHFOC.SOCPOSall	0.9901695295778666	0.22898632664051055	NA	NA	TRUE	BOW	374	selection	lex	5-5	FOC	all	232	5	monitor.bound5-5lex.PPMIselection.LENGTH5000.SOCPOSall
monitor.bound5-5lex.PPMIselection.LENGTHFOC.SOCPOSnav	0.9590869741860476	0.2675917865553847	NA	NA	TRUE	BOW	374	selection	lex	5-5	FOC	nav	232	5	monitor.bound5-5lex.PPMIselection.LENGTH5000.SOCPOSall
monitor.bound5-5lex.PPMIweight.LENGTH5000.SOCPOSall	0.9955251070515811	0.34821486024008097	NA	NA	TRUE	BOW	374	weight	lex	5-5	5000	all	232	5	monitor.bound5-5lex.PPMIselection.LENGTH5000.SOCPOSall
monitor.bound5-5lex.PPMIweight.LENGTH5000.SOCPOSnav	0.987704227229768	0.3741262115325189	NA	NA	TRUE	BOW	374	weight	lex	5-5	5000	nav	232	5	monitor.bound5-5lex.PPMIselection.LENGTH5000.SOCPOSall
monitor.bound5-5lex.PPMIweight.LENGTHFOC.SOCPOSall	0.9800224420468387	0.4290227032563512	NA	NA	TRUE	BOW	374	weight	lex	5-5	FOC	all	232	8	monitor.bound3-3lex.PPMIselection.LENGTHFOC.SOCPOSall
monitor.bound5-5lex.PPMIweight.LENGTHFOC.SOCPOSnav	0.9669687436954252	0.4639263785877112	NA	NA	TRUE	BOW	374	weight	lex	5-5	FOC	nav	232	8	monitor.bound3-3lex.PPMIselection.LENGTHFOC.SOCPOSall
monitor.nobound10-10all.PPMIno.LENGTH5000.SOCPOSall	0.5645644299822088	-2.0101772697510576	NA	NA	FALSE	BOW	1473	no	all	10-10	5000	all	240	6	monitor.nobound10-10lex.PPMIselection.LENGTHFOC.SOCPOSall
monitor.nobound10-10all.PPMIno.LENGTH5000.SOCPOSnav	0.3801606822274126	-1.8496899807263112	NA	NA	FALSE	BOW	1473	no	all	10-10	5000	nav	240	4	monitor.bound5-5all.PPMIselection.LENGTHFOC.SOCPOSall
monitor.nobound10-10all.PPMIno.LENGTHFOC.SOCPOSall	0.738049739887359	-1.5425624093176245	NA	NA	FALSE	BOW	1473	no	all	10-10	FOC	all	240	6	monitor.nobound10-10lex.PPMIselection.LENGTHFOC.SOCPOSall
monitor.nobound10-10all.PPMIno.LENGTHFOC.SOCPOSnav	0.6078966322769846	-1.4340791932319192	NA	NA	FALSE	BOW	1473	no	all	10-10	FOC	nav	240	6	monitor.nobound10-10lex.PPMIselection.LENGTHFOC.SOCPOSall
monitor.nobound10-10all.PPMIselection.LENGTH5000.SOCPOSall	0.07650967852078706	-1.5074494381918462	NA	NA	FALSE	BOW	751	selection	all	10-10	5000	all	240	4	monitor.bound5-5all.PPMIselection.LENGTHFOC.SOCPOSall
monitor.nobound10-10all.PPMIselection.LENGTH5000.SOCPOSnav	-0.01566023628491797	-1.4809106473260765	NA	NA	FALSE	BOW	751	selection	all	10-10	5000	nav	240	4	monitor.bound5-5all.PPMIselection.LENGTHFOC.SOCPOSall
monitor.nobound10-10all.PPMIselection.LENGTHFOC.SOCPOSall	0.40429125049962344	-0.9865903484309696	NA	NA	FALSE	BOW	751	selection	all	10-10	FOC	all	240	6	monitor.nobound10-10lex.PPMIselection.LENGTHFOC.SOCPOSall
monitor.nobound10-10all.PPMIselection.LENGTHFOC.SOCPOSnav	0.386286232182563	-0.923719249589627	NA	NA	FALSE	BOW	751	selection	all	10-10	FOC	nav	240	6	monitor.nobound10-10lex.PPMIselection.LENGTHFOC.SOCPOSall
monitor.nobound10-10all.PPMIweight.LENGTH5000.SOCPOSall	0.6693495855218674	-0.8094727547428041	NA	NA	FALSE	BOW	751	weight	all	10-10	5000	all	240	6	monitor.nobound10-10lex.PPMIselection.LENGTHFOC.SOCPOSall
monitor.nobound10-10all.PPMIweight.LENGTH5000.SOCPOSnav	0.6305353586945466	-0.8186628919374603	NA	NA	FALSE	BOW	751	weight	all	10-10	5000	nav	240	6	monitor.nobound10-10lex.PPMIselection.LENGTHFOC.SOCPOSall
monitor.nobound10-10all.PPMIweight.LENGTHFOC.SOCPOSall	0.7645592811987968	-0.5563269383776472	NA	NA	FALSE	BOW	751	weight	all	10-10	FOC	all	240	6	monitor.nobound10-10lex.PPMIselection.LENGTHFOC.SOCPOSall
monitor.nobound10-10all.PPMIweight.LENGTHFOC.SOCPOSnav	0.7481050257625638	-0.5136535060897601	NA	NA	FALSE	BOW	751	weight	all	10-10	FOC	nav	240	6	monitor.nobound10-10lex.PPMIselection.LENGTHFOC.SOCPOSall
monitor.nobound10-10lex.PPMIno.LENGTH5000.SOCPOSall	2.069141942849626	-0.965811262390385	NA	NA	FALSE	BOW	1089	no	lex	10-10	5000	all	240	6	monitor.nobound10-10lex.PPMIselection.LENGTHFOC.SOCPOSall
monitor.nobound10-10lex.PPMIno.LENGTH5000.SOCPOSnav	1.99188409134035	-0.8209454979200838	NA	NA	FALSE	BOW	1089	no	lex	10-10	5000	nav	240	6	monitor.nobound10-10lex.PPMIselection.LENGTHFOC.SOCPOSall
monitor.nobound10-10lex.PPMIno.LENGTHFOC.SOCPOSall	1.7529978516797742	-0.7435892895182933	NA	NA	FALSE	BOW	1089	no	lex	10-10	FOC	all	240	6	monitor.nobound10-10lex.PPMIselection.LENGTHFOC.SOCPOSall
monitor.nobound10-10lex.PPMIno.LENGTHFOC.SOCPOSnav	1.7601637372704448	-0.6999433640787166	NA	NA	FALSE	BOW	1089	no	lex	10-10	FOC	nav	240	6	monitor.nobound10-10lex.PPMIselection.LENGTHFOC.SOCPOSall
monitor.nobound10-10lex.PPMIselection.LENGTH5000.SOCPOSall	1.6727370980610448	-0.566763765436216	NA	NA	FALSE	BOW	563	selection	lex	10-10	5000	all	239	6	monitor.nobound10-10lex.PPMIselection.LENGTHFOC.SOCPOSall
monitor.nobound10-10lex.PPMIselection.LENGTH5000.SOCPOSnav	1.6768026652412888	-0.486957497865459	NA	NA	FALSE	BOW	563	selection	lex	10-10	5000	nav	239	6	monitor.nobound10-10lex.PPMIselection.LENGTHFOC.SOCPOSall
monitor.nobound10-10lex.PPMIselection.LENGTHFOC.SOCPOSall	1.4682469571165644	-0.415434443925606	NA	NA	FALSE	BOW	563	selection	lex	10-10	FOC	all	239	6	monitor.nobound10-10lex.PPMIselection.LENGTHFOC.SOCPOSall
monitor.nobound10-10lex.PPMIselection.LENGTHFOC.SOCPOSnav	1.4520547043963783	-0.37894981266220346	NA	NA	FALSE	BOW	563	selection	lex	10-10	FOC	nav	239	6	monitor.nobound10-10lex.PPMIselection.LENGTHFOC.SOCPOSall
monitor.nobound10-10lex.PPMIweight.LENGTH5000.SOCPOSall	1.5905565984896286	-0.2632762573642092	NA	NA	FALSE	BOW	563	weight	lex	10-10	5000	all	239	6	monitor.nobound10-10lex.PPMIselection.LENGTHFOC.SOCPOSall
monitor.nobound10-10lex.PPMIweight.LENGTH5000.SOCPOSnav	1.5620864237733756	-0.22870088413050865	NA	NA	FALSE	BOW	563	weight	lex	10-10	5000	nav	239	6	monitor.nobound10-10lex.PPMIselection.LENGTHFOC.SOCPOSall
monitor.nobound10-10lex.PPMIweight.LENGTHFOC.SOCPOSall	1.5018686491648017	-0.21069949167347896	NA	NA	FALSE	BOW	563	weight	lex	10-10	FOC	all	239	6	monitor.nobound10-10lex.PPMIselection.LENGTHFOC.SOCPOSall
monitor.nobound10-10lex.PPMIweight.LENGTHFOC.SOCPOSnav	1.4884399027880402	-0.17782761594948857	NA	NA	FALSE	BOW	563	weight	lex	10-10	FOC	nav	239	6	monitor.nobound10-10lex.PPMIselection.LENGTHFOC.SOCPOSall
monitor.nobound3-3all.PPMIno.LENGTH5000.SOCPOSall	-1.1959595547552495	-0.621237177622213	NA	NA	FALSE	BOW	506	no	all	3-3	5000	all	240	7	monitor.bound3-3all.PPMIselection.LENGTHFOC.SOCPOSall
monitor.nobound3-3all.PPMIno.LENGTH5000.SOCPOSnav	-1.2279985857058628	-0.499621868939685	NA	NA	FALSE	BOW	506	no	all	3-3	5000	nav	240	7	monitor.bound3-3all.PPMIselection.LENGTHFOC.SOCPOSall
monitor.nobound3-3all.PPMIno.LENGTHFOC.SOCPOSall	-0.5009809894811579	-0.08388201121965584	NA	NA	FALSE	BOW	506	no	all	3-3	FOC	all	240	7	monitor.bound3-3all.PPMIselection.LENGTHFOC.SOCPOSall
monitor.nobound3-3all.PPMIno.LENGTHFOC.SOCPOSnav	-0.5022148830871419	0.03086058822205825	NA	NA	FALSE	BOW	506	no	all	3-3	FOC	nav	240	7	monitor.bound3-3all.PPMIselection.LENGTHFOC.SOCPOSall
monitor.nobound3-3all.PPMIselection.LENGTH5000.SOCPOSall	-1.1294175650330256	-0.3638987953495442	NA	NA	FALSE	BOW	404	selection	all	3-3	5000	all	240	7	monitor.bound3-3all.PPMIselection.LENGTHFOC.SOCPOSall
monitor.nobound3-3all.PPMIselection.LENGTH5000.SOCPOSnav	-1.202183824555484	-0.3486297617139552	NA	NA	FALSE	BOW	404	selection	all	3-3	5000	nav	240	7	monitor.bound3-3all.PPMIselection.LENGTHFOC.SOCPOSall
monitor.nobound3-3all.PPMIselection.LENGTHFOC.SOCPOSall	-0.48950763042964024	0.0123458018281814	NA	NA	FALSE	BOW	404	selection	all	3-3	FOC	all	240	7	monitor.bound3-3all.PPMIselection.LENGTHFOC.SOCPOSall
monitor.nobound3-3all.PPMIselection.LENGTHFOC.SOCPOSnav	-0.4999365243538214	0.1060902296835279	NA	NA	FALSE	BOW	404	selection	all	3-3	FOC	nav	240	7	monitor.bound3-3all.PPMIselection.LENGTHFOC.SOCPOSall
monitor.nobound3-3all.PPMIweight.LENGTH5000.SOCPOSall	-0.2581485149893803	0.6339750999081336	NA	NA	FALSE	BOW	404	weight	all	3-3	5000	all	240	7	monitor.bound3-3all.PPMIselection.LENGTHFOC.SOCPOSall
monitor.nobound3-3all.PPMIweight.LENGTH5000.SOCPOSnav	-0.3351748362373538	0.750412574265905	NA	NA	FALSE	BOW	404	weight	all	3-3	5000	nav	240	7	monitor.bound3-3all.PPMIselection.LENGTHFOC.SOCPOSall
monitor.nobound3-3all.PPMIweight.LENGTHFOC.SOCPOSall	0.02128727914568041	0.6267937653217874	NA	NA	FALSE	BOW	404	weight	all	3-3	FOC	all	240	7	monitor.bound3-3all.PPMIselection.LENGTHFOC.SOCPOSall
monitor.nobound3-3all.PPMIweight.LENGTHFOC.SOCPOSnav	-0.01104296366318614	0.7089514253599425	NA	NA	FALSE	BOW	404	weight	all	3-3	FOC	nav	240	7	monitor.bound3-3all.PPMIselection.LENGTHFOC.SOCPOSall
monitor.nobound3-3lex.PPMIno.LENGTH5000.SOCPOSall	1.541674553828081	1.286385480426555	NA	NA	FALSE	BOW	352	no	lex	3-3	5000	all	240	8	monitor.bound3-3lex.PPMIselection.LENGTHFOC.SOCPOSall
monitor.nobound3-3lex.PPMIno.LENGTH5000.SOCPOSnav	1.5094252402573596	1.2625790798218934	NA	NA	FALSE	BOW	352	no	lex	3-3	5000	nav	240	8	monitor.bound3-3lex.PPMIselection.LENGTHFOC.SOCPOSall
monitor.nobound3-3lex.PPMIno.LENGTHFOC.SOCPOSall	1.2996072591525274	1.1406487119523798	NA	NA	FALSE	BOW	352	no	lex	3-3	FOC	all	240	8	monitor.bound3-3lex.PPMIselection.LENGTHFOC.SOCPOSall
monitor.nobound3-3lex.PPMIno.LENGTHFOC.SOCPOSnav	1.2579905334241417	1.1865323990008438	NA	NA	FALSE	BOW	352	no	lex	3-3	FOC	nav	240	8	monitor.bound3-3lex.PPMIselection.LENGTHFOC.SOCPOSall
monitor.nobound3-3lex.PPMIselection.LENGTH5000.SOCPOSall	0.9318714123506332	0.8060034308327491	NA	NA	FALSE	BOW	286	selection	lex	3-3	5000	all	220	8	monitor.bound3-3lex.PPMIselection.LENGTHFOC.SOCPOSall
monitor.nobound3-3lex.PPMIselection.LENGTH5000.SOCPOSnav	0.9186782185871684	0.7963615841802527	NA	NA	FALSE	BOW	286	selection	lex	3-3	5000	nav	220	8	monitor.bound3-3lex.PPMIselection.LENGTHFOC.SOCPOSall
monitor.nobound3-3lex.PPMIselection.LENGTHFOC.SOCPOSall	0.7687491115259646	0.808559808341542	NA	NA	FALSE	BOW	286	selection	lex	3-3	FOC	all	220	8	monitor.bound3-3lex.PPMIselection.LENGTHFOC.SOCPOSall
monitor.nobound3-3lex.PPMIselection.LENGTHFOC.SOCPOSnav	0.7343289585107878	0.8340776731027082	NA	NA	FALSE	BOW	286	selection	lex	3-3	FOC	nav	220	8	monitor.bound3-3lex.PPMIselection.LENGTHFOC.SOCPOSall
monitor.nobound3-3lex.PPMIweight.LENGTH5000.SOCPOSall	0.828945079859729	0.791539582722971	NA	NA	FALSE	BOW	286	weight	lex	3-3	5000	all	220	8	monitor.bound3-3lex.PPMIselection.LENGTHFOC.SOCPOSall
monitor.nobound3-3lex.PPMIweight.LENGTH5000.SOCPOSnav	0.8088510166614283	0.7738143812203115	NA	NA	FALSE	BOW	286	weight	lex	3-3	5000	nav	220	8	monitor.bound3-3lex.PPMIselection.LENGTHFOC.SOCPOSall
monitor.nobound3-3lex.PPMIweight.LENGTHFOC.SOCPOSall	0.7378018680280156	0.8946790493155867	NA	NA	FALSE	BOW	286	weight	lex	3-3	FOC	all	220	8	monitor.bound3-3lex.PPMIselection.LENGTHFOC.SOCPOSall
monitor.nobound3-3lex.PPMIweight.LENGTHFOC.SOCPOSnav	0.7020834167041283	0.9193518916894116	NA	NA	FALSE	BOW	286	weight	lex	3-3	FOC	nav	220	8	monitor.bound3-3lex.PPMIselection.LENGTHFOC.SOCPOSall
monitor.nobound5-5all.PPMIno.LENGTH5000.SOCPOSall	-0.5255045792257225	-1.2548513232558614	NA	NA	FALSE	BOW	814	no	all	5-5	5000	all	240	4	monitor.bound5-5all.PPMIselection.LENGTHFOC.SOCPOSall
monitor.nobound5-5all.PPMIno.LENGTH5000.SOCPOSnav	-0.5849487764901146	-1.1070627589812654	NA	NA	FALSE	BOW	814	no	all	5-5	5000	nav	240	4	monitor.bound5-5all.PPMIselection.LENGTHFOC.SOCPOSall
monitor.nobound5-5all.PPMIno.LENGTHFOC.SOCPOSall	0.00975610147898842	-0.8174833583472007	NA	NA	FALSE	BOW	814	no	all	5-5	FOC	all	240	4	monitor.bound5-5all.PPMIselection.LENGTHFOC.SOCPOSall
monitor.nobound5-5all.PPMIno.LENGTHFOC.SOCPOSnav	-0.04673315397958264	-0.6482149327841714	NA	NA	FALSE	BOW	814	no	all	5-5	FOC	nav	240	4	monitor.bound5-5all.PPMIselection.LENGTHFOC.SOCPOSall
monitor.nobound5-5all.PPMIselection.LENGTH5000.SOCPOSall	-0.5733425126161259	-0.8900584365618559	NA	NA	FALSE	BOW	566	selection	all	5-5	5000	all	240	4	monitor.bound5-5all.PPMIselection.LENGTHFOC.SOCPOSall
monitor.nobound5-5all.PPMIselection.LENGTH5000.SOCPOSnav	-0.6474118489136127	-0.8663108747615447	NA	NA	FALSE	BOW	566	selection	all	5-5	5000	nav	240	4	monitor.bound5-5all.PPMIselection.LENGTHFOC.SOCPOSall
monitor.nobound5-5all.PPMIselection.LENGTHFOC.SOCPOSall	-0.03848745585012423	-0.4716410119808871	NA	NA	FALSE	BOW	566	selection	all	5-5	FOC	all	240	4	monitor.bound5-5all.PPMIselection.LENGTHFOC.SOCPOSall
monitor.nobound5-5all.PPMIselection.LENGTHFOC.SOCPOSnav	-0.05829574664716573	-0.3523590074735703	NA	NA	FALSE	BOW	566	selection	all	5-5	FOC	nav	240	4	monitor.bound5-5all.PPMIselection.LENGTHFOC.SOCPOSall
monitor.nobound5-5all.PPMIweight.LENGTH5000.SOCPOSall	0.20690466652134543	-0.16790417166006436	NA	NA	FALSE	BOW	566	weight	all	5-5	5000	all	240	4	monitor.bound5-5all.PPMIselection.LENGTHFOC.SOCPOSall
monitor.nobound5-5all.PPMIweight.LENGTH5000.SOCPOSnav	0.16701728943024027	-0.1569194271384937	NA	NA	FALSE	BOW	566	weight	all	5-5	5000	nav	240	4	monitor.bound5-5all.PPMIselection.LENGTHFOC.SOCPOSall
monitor.nobound5-5all.PPMIweight.LENGTHFOC.SOCPOSall	0.4433291896947747	0.0236330931125876	NA	NA	FALSE	BOW	566	weight	all	5-5	FOC	all	240	4	monitor.bound5-5all.PPMIselection.LENGTHFOC.SOCPOSall
monitor.nobound5-5all.PPMIweight.LENGTHFOC.SOCPOSnav	0.4071992660516129	0.10830101632253318	NA	NA	FALSE	BOW	566	weight	all	5-5	FOC	nav	240	4	monitor.bound5-5all.PPMIselection.LENGTHFOC.SOCPOSall
monitor.nobound5-5lex.PPMIno.LENGTH5000.SOCPOSall	1.901261209066316	0.18448109659253156	NA	NA	FALSE	BOW	590	no	lex	5-5	5000	all	240	5	monitor.bound5-5lex.PPMIselection.LENGTH5000.SOCPOSall
monitor.nobound5-5lex.PPMIno.LENGTH5000.SOCPOSnav	1.8297915700874432	0.245903030222774	NA	NA	FALSE	BOW	590	no	lex	5-5	5000	nav	240	5	monitor.bound5-5lex.PPMIselection.LENGTH5000.SOCPOSall
monitor.nobound5-5lex.PPMIno.LENGTHFOC.SOCPOSall	1.557242966334467	0.19876768505311132	NA	NA	FALSE	BOW	590	no	lex	5-5	FOC	all	240	5	monitor.bound5-5lex.PPMIselection.LENGTH5000.SOCPOSall
monitor.nobound5-5lex.PPMIno.LENGTHFOC.SOCPOSnav	1.5462344862482076	0.2413520044728718	NA	NA	FALSE	BOW	590	no	lex	5-5	FOC	nav	240	5	monitor.bound5-5lex.PPMIselection.LENGTH5000.SOCPOSall
monitor.nobound5-5lex.PPMIselection.LENGTH5000.SOCPOSall	1.4036626781258066	0.23463708200497407	NA	NA	FALSE	BOW	410	selection	lex	5-5	5000	all	235	5	monitor.bound5-5lex.PPMIselection.LENGTH5000.SOCPOSall
monitor.nobound5-5lex.PPMIselection.LENGTH5000.SOCPOSnav	1.4070908063889065	0.30690720421284146	NA	NA	FALSE	BOW	410	selection	lex	5-5	5000	nav	235	5	monitor.bound5-5lex.PPMIselection.LENGTH5000.SOCPOSall
monitor.nobound5-5lex.PPMIselection.LENGTHFOC.SOCPOSall	1.2490524634888944	0.2876121186285106	NA	NA	FALSE	BOW	410	selection	lex	5-5	FOC	all	235	5	monitor.bound5-5lex.PPMIselection.LENGTH5000.SOCPOSall
monitor.nobound5-5lex.PPMIselection.LENGTHFOC.SOCPOSnav	1.2113654507572893	0.3326567763650096	NA	NA	FALSE	BOW	410	selection	lex	5-5	FOC	nav	235	5	monitor.bound5-5lex.PPMIselection.LENGTH5000.SOCPOSall
monitor.nobound5-5lex.PPMIweight.LENGTH5000.SOCPOSall	1.2699517265861413	0.43060504588221127	NA	NA	FALSE	BOW	410	weight	lex	5-5	5000	all	235	5	monitor.bound5-5lex.PPMIselection.LENGTH5000.SOCPOSall
monitor.nobound5-5lex.PPMIweight.LENGTH5000.SOCPOSnav	1.2488856560912516	0.45674509513853834	NA	NA	FALSE	BOW	410	weight	lex	5-5	5000	nav	235	5	monitor.bound5-5lex.PPMIselection.LENGTH5000.SOCPOSall
monitor.nobound5-5lex.PPMIweight.LENGTHFOC.SOCPOSall	1.2345503055270042	0.5349658122935426	NA	NA	FALSE	BOW	410	weight	lex	5-5	FOC	all	235	8	monitor.bound3-3lex.PPMIselection.LENGTHFOC.SOCPOSall
monitor.nobound5-5lex.PPMIweight.LENGTHFOC.SOCPOSnav	1.197129427397565	0.556162609025577	NA	NA	FALSE	BOW	410	weight	lex	5-5	FOC	nav	235	8	monitor.bound3-3lex.PPMIselection.LENGTHFOC.SOCPOSall
